Title,Price,Luas Bangunan,Luas Tanah,Kamar Tidur,Tipe Properti,Tipe Penawaran,Lokasi
disewakan villa 2 lantai plus kolam renang di pusat kota batu,18000000,357,600,7,Rumah,Disewakan,Batu
Rumah dikontrakkan Murah dan luas di Kota Batu,28000000,130,100,4,Rumah,Disewakan,Batu
Rumah bagus plus furniture di pusat kota Batu ,17000000,100,150,3,Rumah,Disewakan,Batu
Rumah dikontrakkan dekat alun alun Batu di jl Suropati,40000000,53,84,2,Rumah,Disewakan,Batu
RUMAH KONSEP VILLA FULL FURNISHED DI VILLA KUSUMA PINUS DEKAT TEMPAT WISATA,20000000,55,84,2,Rumah,Disewakan,Batu
Rumah bersih dgn view gunung sejuk aman pinggir jln raya dekat Jatim park3,30000000,110,100,3,Rumah,Disewakan,Batu
Villa Harian Murah Di Villa Kwb 2 Songgoriti Kota Batu,15000000,300,570,3,Rumah,Disewakan,Batu
Rumah disewakan full perabot di Temas Batu,28000000,120,150,4,Rumah,Disewakan,Batu
Rumah bagus plus furniture di pusat kota Batu,15000000,100,150,3,Rumah,Disewakan,Batu
""" Rumah bagus dipusat kota nyaman strategis siap untuk ditempati "" ",18000000,120,150,4,Rumah,Disewakan,Batu
Rumah Bagus Super Strategis Dan Murah Di Pusat Kota Batu,123456789,130,100,4,Rumah,Disewakan,Batu
Disewakan Villa Murah Dan Strategis Depan Jatim Park 2 Batu,675000000,180,190,3,Rumah,Disewakan,Batu
Dicari Penghuni Rumah,1750000,45,150,2,Rumah,Disewakan,Batu
rumah murah dengan kebun bumiaji batu,40000000,300,123,3,Rumah,Disewakan,Batu
Disewakan Harian Villa Murah 3 Kamar Tidur Di Kawasan Wisata Kota Batu. ,65000000,250,123,3,Rumah,Disewakan,Batu
Disewakan Harian Villa Murah 3 Kamar Tidur Di Kawasan Wisata Kota Batu. ,1750000,250,115,3,Rumah,Disewakan,Batu
RUMAH MINIMALIS FULL FURNISH SIAP HUNI DI GRIYA TAMAN ASRI LOKASI SEJUK,2000000,70,500,3,Rumah,Disewakan,Batu
Rumah disewakan murah harga lokasi di jl Semeru Batu,40000000,250,123,4,Rumah,Disewakan,Batu
Disewakan Harian Villa Plus Private Pool Di Kusuma Agro Batu,17000000,250,95,3,Rumah,Disewakan,Batu
Villa Murah 3 Kamar Tidur Dekat Jatim Park 2 Batu,8000000,76,200,3,Rumah,Disewakan,Batu
disewakan harian villa dekat museum satwa kota batu,3000000,125,123,3,Rumah,Disewakan,Batu
Villa Murah Plus Private Pool View Pegunungan Di Kusuma Hill Batu,250,250,123,3,Rumah,Disewakan,Batu
Villa Murah Plus Private Pool View Pegunungan Di Kusuma Hill Batu,36000000,250,108,3,Rumah,Disewakan,Batu
RUMAH DI Perumahan  jl dadap tulis batu.,20000000,45,94,2,Rumah,Disewakan,Batu
Rumah bagus strategis siap huni di Perumahan Puri Indah Batu,17500000,130,130,2,Rumah,Disewakan,Batu
sewa villa murah di batu malang ,500,180,180,4,Rumah,Disewakan,Batu
vila 2 lantai siap disewa di kusuma estate kota batu,150000000,155,170,3,Rumah,Disewakan,Batu
Rumah Villa di Kusuma Agro Wisata Batu,17000000,300,400,3,Rumah,Disewakan,Batu
Disewakan villa 2 lantai di jl.gandaria panderman hill kota batu,5000000,200,200,4,Rumah,Disewakan,Batu
Rumah kontrakan murah siap huni di Oro Oro Ombo Batu,400000000,140,150,2,Rumah,Disewakan,Batu
Villa Santika Super Luas di Daerah Batu,350000000,500,3000,4,Rumah,Disewakan,Batu
Rumah di jalan Melati Batu,17500000,100,100,3,Rumah,Disewakan,Batu
Villa Harian Murah Di Villa Kwb 2 Songgoriti Kota Batu,3500000,300,570,3,Rumah,Disewakan,Batu
rumah beji junrejo siap di tempati,4000000,84,120,3,Rumah,Disewakan,Batu
Rumah sewa murah siap huni di Perum Puri Indah Beji Batu,40000000,130,130,2,Rumah,Disewakan,Batu
Villa Murah dan Nyaman view cantik di kota Batu,3000000,54,78,3,Rumah,Disewakan,Batu
Disewakan Villa Bagus dan murah 4 kamar di Villa Batu Permai Songgoriti,600000000,300,668,4,Rumah,Disewakan,Batu
Harga Weekend Murah Villa Plus Kolam Renang Di Kota Batu,800000000,300,135,7,Rumah,Disewakan,Batu
Vila kolam renang pinus batu,17000000,500,500,5,Rumah,Disewakan,Batu
Rumah 15 Lantai di Jl Ikan Paus Lokasi Strategis Dekat Suhat,250,230,197,5,Rumah,Disewakan,Batu
Villa Murah Design Minimalis dan Nyaman di Kota Batu,200000000,300,135,7,Rumah,Disewakan,Batu
villa ekslusive murah disewakan di kawasan wisata kota batu,150000000,250,4000,5,Rumah,Disewakan,Batu
rumah murah jlabdul gani kota batu,4000000,100,50,4,Rumah,Disewakan,Batu
rumah murah 2 lantai kora batu,4000000,125,145,3,Rumah,Disewakan,Batu
Rumah kontrakan murah siap huni di Oro Oro Ombo Batu,3800000,140,150,2,Rumah,Disewakan,Batu
Disewakan Harian Villa Kusuma Pinus Villa Bagus Dan Nyaman Dengan View Yg Menawandan ...,3500000,300,135,7,Rumah,Disewakan,Batu
Villa harian murah 5 kamar di Villa KWB 3 songgoriti Batu,17500000,700,570,5,Rumah,Disewakan,Batu
Villa super murah 4 kamar tidur di kawasan Songgoriti Kota Batu,350000000,300,668,4,Rumah,Disewakan,Batu
Disewakan harian villa murah 5 kamar di Villa KWB 3 Kota Batu,17500000,700,570,5,Rumah,Disewakan,Batu
disewakan villa 2 lantai istimewa di jl ananas kota batu,150000000,300,200,3,Rumah,Disewakan,Batu
Harga Weekend Murah Villa Plus Kolam Renang Di Kota Batu,40000000,300,135,7,Rumah,Disewakan,Batu
Villa Murah Design Minimalis dan Nyaman di Kota Batu,200000000,300,135,7,Rumah,Disewakan,Batu
Rumah bagus strategis siap huni di Perumahan Puri Indah Batu,40000000,130,130,2,Rumah,Disewakan,Batu
rumah beji junrejo siap di tempati,20000000,84,120,3,Rumah,Disewakan,Batu
Rumah sewa murah siap huni di Perum Puri Indah Beji Batu,35000000,130,130,2,Rumah,Disewakan,Batu
Villa Kusuma Agro 2 lantai lengkap furnish kondisi terawat,35000000,300,400,3,Rumah,Disewakan,Batu
RUMAH MINIMALIS FULL FURNISH SIAP HUNI DI GRIYA TAMAN ASRI LOKASI SEJUK,55000000,70,115,3,Rumah,Disewakan,Batu
Ruko Murah Super Strategis Di Poros Jalan Raya Junrejo Kota Batu,1700000000,55,800,2,Rumah,Disewakan,Batu
RUMAH KONSEP VILLA FULL FURNISHED DI VILLA KUSUMA PINUS DEKAT TEMPAT WISATA,50000000,110,84,2,Rumah,Disewakan,Batu
Rumah bersih dgn view gunung sejuk aman pinggir jln raya dekat Jatim park3,45000000,150,100,3,Rumah,Disewakan,Batu
Rumah Di Tirtasani dekat Tol Karanglo Baru Renovasi Siap Huni,85000000,150,144,3,Rumah,Disewakan,Batu
Rumah DI Perum Tirtasani Royal River. Rumah minimalis nyaman dekat Tol Karanglo,45000000,200,144,3,Rumah,Disewakan,Batu
Sewa rumah tirtasani malang karangploso,25000000,119,165,5,Rumah,Disewakan,Batu
Di Jual Rumah Paling Murah di Pinggir Jalan Karangploso Malang,55000000,260,433,4,Rumah,Disewakan,Batu
Rumah Minimalis 3 Lantai Posisi Hook di Karanglo Malang (IH-L010-GUN),85000000,36,180,4,Rumah,Disewakan,Batu
Rumah Minimalis Full Furnished Green Hills Karangploso (KM-66/LIV),29000000,410,96,2,Rumah,Disewakan,Batu
Disewakan Villa Lingkungan Tenang View Cantik di Green Hill Karangploso Malang,35000000,100,342,6,Rumah,Disewakan,Batu
