Disewakan Rumah Hunian Alam Sejahtera,32000000,120,120,3,Rumah,Disewakan,Pasuruan
Dikontrakkan rumah,8000000,90,90,2,Rumah,Disewakan,Pasuruan
Rumah di Pondok Surya Kencana Pasuruan,35000000,180,180,4,Rumah,Disewakan,Pasuruan
Rumah dengan kebun luas dan view gunung,25000000,300,2250,3,Rumah,Disewakan,Pasuruan
rumah dikontrakkan 4 KT 2 KM ,9500000,100,100,4,Rumah,Disewakan,Pasuruan
Disewakan vila prigen,500000000,135,1700,8,Rumah,Disewakan,Pasuruan
Disewakan Rumah di IP GRAHAPandaan lokasi Tengah kota dan nyaman,20000000,200,200,2,Rumah,Disewakan,Pasuruan
Kos Putri Luas,1250000,200,200,5,Rumah,Disewakan,Pasuruan
kos putri di pandaan full fasilitas dan free wifi ,550,999,999,8,Rumah,Disewakan,Pasuruan
Disewa Rumah Taman Dayu Rosewoods Full Furnish Pandaan Kab. Pasuruan,60000000,126,225,2,Rumah,Disewakan,Pasuruan
Disewakan Cepat Murah Lengkap,60000000,100,300,3,Rumah,Disewakan,Pasuruan
Dijual atau Disewakan Villa 585 m2 KT 6 di Jl Sedap Malam Tretes Pandaan,98000000,585,585,7,Rumah,Disewakan,Pasuruan
Villa di taman dayu,90000000,750,800,4,Rumah,Disewakan,Pasuruan
Kos Khusus Putri Pusat kota Pandaan Murah Bersih dan nyaman ,550,110,110,10,Rumah,Disewakan,Pasuruan
Rumah Disewakan di Perum D Luxury Cluster Tasikmadu Malang GMK00500,21000000,46,72,2,Rumah,Disewakan,Pasuruan
House for Rent,35000000,190,190,3,Rumah,Disewakan,Pasuruan
Disewakan Rumah di Wisata Bukit Sentul Lawang,25000000,52,105,2,Rumah,Disewakan,Pasuruan
Disewakan Rumah 75 juta per tahun di Lawang Malang,7500000,36,72,2,Rumah,Disewakan,Pasuruan
Rumah 2 KT + 1 KM,20000000,45,90,2,Rumah,Disewakan,Pasuruan
SEWA RUMAH Renov Full Bangunan Sidoarjo,13000000,90,90,2,Rumah,Disewakan,Pasuruan
Rumah semi Ruko Strategis!,50000000,150,160,4,Rumah,Disewakan,Pasuruan
rumah grand park sekardangan sidoarjo (B.IR),35000000,150,150,3,Rumah,Disewakan,Pasuruan
SEWA RUMAH BLUKID RESIDENCE SIDOARJO,25000000,55,90,2,Rumah,Disewakan,Pasuruan
Rumah Usaha Jalan KH Mukmin Sidoarjo Lokasi Nol jalan Strategis Depan Ciwalk,300000000,400,500,1,Rumah,Disewakan,Pasuruan
VILLA ASRI NAN SEJUK GRAND TRAWAS,100000000,250,410,3,Rumah,Disewakan,Pasuruan
Disewakan Rumah Taman Pinang Indah (Fully Furnished),50000000,200,144,6,Rumah,Disewakan,Pasuruan
Rumah Disewakan Taman Pinang Indah Sidoarjo,330000000,550,400,4,Rumah,Disewakan,Pasuruan
Rumah Disewa Pucang Indah Sidoarjo,95000000,600,350,8,Rumah,Disewakan,Pasuruan
Good Deal 4BR House at Taman Tiara Regency Green Cluster,55000000,98,112,4,Rumah,Disewakan,Pasuruan
