Disewakan Rumah Baru Dekat Juanda Lingkungan Perumahan Nyaman,55000000,135,102,3,Rumah,Disewakan,Sidoarjo
Dikontrakkan Rumah Besar Murah di perbatasan Waru Surabaya,35000000,100,126,2,Rumah,Disewakan,Sidoarjo
Disewakan Rumah Pondok Mutiara,30000000,75,120,2,Rumah,Disewakan,Sidoarjo
Disewakan Rumah Taman Pondok Jati Sidoarjo,30000000,120,130,4,Rumah,Disewakan,Sidoarjo
Kontrakan Besar Murah di Aloha - Rumah Pojok,35000000,100,126,2,Rumah,Disewakan,Sidoarjo
RUMAH SEWA 2 TINGKAT CITRA GARDEN SIDOARJO,22000000,55,72,1,Rumah,Disewakan,Sidoarjo
Disewakan Rumah Kantor 2 Lantai di SidoarjoJawa Timur,49900000,280,162,3,Rumah,Disewakan,Sidoarjo
Rumah siap huni di Buduran Sidoarjo,15000000,120,96,3,Rumah,Disewakan,Sidoarjo
Griyo mapan sentosa waru DISEWAKAN MURAH ! ,17000000,70,84,2,Rumah,Disewakan,Sidoarjo
Rumah disewakan 10 menit dari toll,13000000,40,66,2,Rumah,Disewakan,Sidoarjo
Rumah di Graha Anggrek Mas Sidoarjo ( Nt 3197S),50000000,150,135,3,Rumah,Disewakan,Sidoarjo
Disewakan Rumah Hook Bagus di Puri Surya Jaya Sidoarjo,50000000,200,240,3,Rumah,Disewakan,Sidoarjo
Rumah baru Boston Ext 3KT,27500000,70,93,3,Rumah,Disewakan,Sidoarjo
Rumah Dikontrakan ,14000000,72,72,2,Rumah,Disewakan,Sidoarjo
Rumah di safira juanda resort  waru sidoarjo,16000000,42,90,2,Rumah,Disewakan,Sidoarjo
Dikontrakan Rumah Pondok Sedati Asri GI-5,10000000,72,72,2,Rumah,Disewakan,Sidoarjo
SEWA RUMAH Renov Full Bangunan Sidoarjo,13000000,90,90,2,Rumah,Disewakan,Sidoarjo
Dikontrakkan Rumah Di Taman Pondok Jati Sidoarjo,30000000,320,176,6,Rumah,Disewakan,Sidoarjo
Disewakan Rumah Minimalis Sidoarjo,13000000,45,90,2,Rumah,Disewakan,Sidoarjo
Rumah Dikontrakkan,14000000,70,100,2,Rumah,Disewakan,Sidoarjo
Rumah Minimalis Lokasi Strategis Di Delta Sari Waru Sidoarjo,25000000,110,113,2,Rumah,Disewakan,Sidoarjo
Disewakan Rumah Grand Deltasari Kab Sidoarjo Lingkungan Nyaman  Aman,25000000,42,72,2,Rumah,Disewakan,Sidoarjo
Surya Citra Residence Waru Sidoarjo. Rumah Disewakan,17500000,70,90,2,Rumah,Disewakan,Sidoarjo
Disewakan Rumah di Perum Joho Residence Gedangan Sidoarjo,14000000,60,69,2,Rumah,Disewakan,Sidoarjo
Rumah cluster 2kamar tidur,16000000,50,91,2,Rumah,Disewakan,Sidoarjo
Dikontrakkan / Disewakan Rumah Pondok Jati Sidoarjo Blok BY-23,27000000,120,120,3,Rumah,Disewakan,Sidoarjo
Disewakan Rumah Jeruk Pondok Tjandra,35000000,150,216,4,Rumah,Disewakan,Sidoarjo
RUMAH STRATEGIS 2 LANTAI DEKAT BANDARA JUANDA SURABAYA - SIDOARJO,25000000,112,96,2,Rumah,Disewakan,Sidoarjo
House for Rent,35000000,190,190,3,Rumah,Disewakan,Sidoarjo
DISEWAKAN RUMAH CITRA HARMONI TROSOBO LINGKUNGAN AMAN DAN NYAMAN,13500000,90,90,2,Rumah,Disewakan,Sidoarjo
Rumah Type 45 Strategis Waru,27000000,45,45,2,Rumah,Disewakan,Sidoarjo
Kost Bu Lilik Tawangsari Taman Sepanjang Sidoarjo,650,180,180,12,Rumah,Disewakan,Sidoarjo
SAFIRA JUANDA RESORT DISEWAKAN MURAH,20000000,80,90,2,Rumah,Disewakan,Sidoarjo
Dikontrakan Rumah baru 2 lantai (model rumah kost) ,30000000,78,45,4,Rumah,Disewakan,Sidoarjo
Disewakan Rumah Pondok Chandra Cluster Topaz,60000000,125,120,4,Rumah,Disewakan,Sidoarjo
(BLAV) Rumah Pribadi Istana Mentari Sidoarjo,15000000,105,105,2,Rumah,Disewakan,Sidoarjo
Sewa rumah murah - Negotiable,15000000,92,96,2,Rumah,Disewakan,Sidoarjo
Rumah Diamond Park Residence B6,35000000,112,90,2,Rumah,Disewakan,Sidoarjo
Disewakan Rumah Citra Harmoni,17500000,48,96,2,Rumah,Disewakan,Sidoarjo
Disewakan rumah sidoarjo perumahan jaya sedati murah sewa 2thn 20jt nett,20000000,90,90,2,Rumah,Disewakan,Sidoarjo
Rumah disewakan murah ,26000000,50,90,2,Rumah,Disewakan,Sidoarjo
Disewakan Rumah Taman Pinang Indah (Fully Furnished),50000000,200,144,6,Rumah,Disewakan,Sidoarjo
DISEWAKAN RUMAH BISA BUAT USAHA TOKO SUPERMARKET KURSUS DEPOT,75000000,400,297,4,Rumah,Disewakan,Sidoarjo
Dekat Akses Tol,30000000,70,90,2,Rumah,Disewakan,Sidoarjo
Rumah di Kontrakkan palem Putri 2 Masangan Wetan Sidoarjo,15000000,78,78,2,Rumah,Disewakan,Sidoarjo
Dikontrakkan rumah di Park Royal Regency,15000000,70,100,2,Rumah,Disewakan,Sidoarjo
Comfortable 3BR House at Puri Surya Jaya,35000000,95,95,3,Rumah,Disewakan,Sidoarjo
Griya Mapan Utara bebas banjir lingkungan aman dan nyaman,25000000,120,100,2,Rumah,Disewakan,Sidoarjo
Terima Kost di Daerah Taman Sidoarjo,380,9,550,8,Rumah,Disewakan,Sidoarjo
Disewakan rumah griyo pabean 2 belakang deltasari ,15000000,60,98,2,Rumah,Disewakan,Sidoarjo
DISEWAKAN RUMAH FULLY FURNISHED PERUMTAS 5 KRIAN SIDOARJO,20000000,45,95,2,Rumah,Disewakan,Sidoarjo
Disewakan Rumah Di Taman Tiara Green Cluster Sidaorjo,30000000,120,152,3,Rumah,Disewakan,Sidoarjo
Disewakan Rumah Citra Harmoni Cluster Stamford,52500000,67,135,2,Rumah,Disewakan,Sidoarjo
Lingkungan yang nyaman dan asri,40000000,150,162,3,Rumah,Disewakan,Sidoarjo
Disewakan Rumah Strategis Dekat Rungkut Industri,27000000,85,180,4,Rumah,Disewakan,Sidoarjo
DISEWAKAN RUMAH PONDOK JATI TIPE 36,15000000,120,85,2,Rumah,Disewakan,Sidoarjo
Disewakan Rumah Di Deltasari Indah Waru Sidoarjo,40000000,60,135,3,Rumah,Disewakan,Sidoarjo
(BLRI) Rumah Puri Surya Jaya Cluster Valencia,25000000,45,105,2,Rumah,Disewakan,Sidoarjo
Rumah 2 KT + 1 KM,20000000,10,90,2,Rumah,Disewakan,Sidoarjo
Rumah Terawat Cantik Siap Huni @Pondok Tjandra,70000000,110,180,3,Rumah,Disewakan,Sidoarjo
Vibrant Modern 1BR House at Citra Harmoni Cluster Melody Garden,20000000,41,180,1,Rumah,Disewakan,Sidoarjo
Rumah Dikontrakkan Perumahan Pondok Jati,21000000,100,120,2,Rumah,Disewakan,Sidoarjo
Rumah di Deltasari Waru semi furniture hanya 40 juta per tahun ,40000000,250,138,4,Rumah,Disewakan,Sidoarjo
Pondok Wage Indah II Blok HH No. 8 Taman Sidoarjo Jawa Timur,20000000,120,120,3,Rumah,Disewakan,Sidoarjo
Disewakan Rumah Murah Delta Sari Indah Waru Sidoarjo,20000000,100,120,3,Rumah,Disewakan,Sidoarjo
Disewakan murah rumah terawat siap huni,25000000,90,90,2,Rumah,Disewakan,Sidoarjo
Dikontrakkan rumah nyaman dan aman,17000000,176,176,3,Rumah,Disewakan,Sidoarjo
RUMAH BARU. DIKONTRAKKAN.,25000000,100,100,2,Rumah,Disewakan,Sidoarjo
Kosan Simple ,400,12,12,1,Rumah,Disewakan,Sidoarjo
Disewakan Cepat Rumah Baru Gress Baru Jadi Belum Pernah Ditempati Di Perumahan Wiling...,30000000,40,72,3,Rumah,Disewakan,Sidoarjo
Rumsh Taman Pondok Jati Taman Sidoarjo,28000000,150,150,3,Rumah,Disewakan,Sidoarjo
Rumah semi Ruko Strategis!,50000000,150,160,4,Rumah,Disewakan,Sidoarjo
Rumah di Kontrakkan Palem Putri 2 Masangan Wetan Sidoarjo,15000000,78,78,2,Rumah,Disewakan,Sidoarjo
Disewakan Rumah Southlake Juanda,25000000,75,112,2,Rumah,Disewakan,Sidoarjo
Disewakan rumah hunian 20jt/2th,20000000,108,108,3,Rumah,Disewakan,Sidoarjo
Disewakan Rumah Jl. Jambu Pondok Tjandra,45000000,150,180,4,Rumah,Disewakan,Sidoarjo
Rumah Sewa di Tropodo_Murmer,30000000,115,135,5,Rumah,Disewakan,Sidoarjo
RUMAH SEWA BLUKID RESIDENCE 2 BF-08 SIDOARJO,25000000,55,90,2,Rumah,Disewakan,Sidoarjo
Unfurnished 3BR House with Maid Room at Jatayu Sidoarjo,35000000,190,120,3,Rumah,Disewakan,Sidoarjo
Disewakan / Dikontrakan Rumah Delta Sari Indah Blok N-107 Sidoarjo,30000000,45,112,3,Rumah,Disewakan,Sidoarjo
Disewakan rumah yang baru renovasi di delta mandala juanda sidoarjo,35000000,70,160,3,Rumah,Disewakan,Sidoarjo
Disewakan Rumah Strategis Bandara Juanda GRIYO MAPAN SENTOSA,45000000,320,180,4,Rumah,Disewakan,Sidoarjo
945. Rumah Kost 1 1/2 lt Siwalankerto Permai I Surabaya Selatan,50000000,300,180,11,Rumah,Disewakan,Sidoarjo
DiSewakan RUMAH Bagus Baru Renovasi di Griya Babatan Mukti Surabaya,35000000,100,120,3,Rumah,Disewakan,Sidoarjo
Disewakan Rumah 2 Lantai Baru Renovasi Gayungsari Surabaya,150000000,200,300,6,Rumah,Disewakan,Sidoarjo
Disewakan Rumah Minimalis 2 Lantai diCentral Park Ahmad Yani Blok J,100000000,350,315,4,Rumah,Disewakan,Sidoarjo
Rumah Minimalis 2 Lt di Central Park Ahmad Yani ,100000000,350,315,4,Rumah,Disewakan,Sidoarjo
Disewakan Rumah Siap Huni Di Jl. Gayungsari  Surabaya,120000000,350,260,3,Rumah,Disewakan,Sidoarjo
Di Sewakan Rumah Puri Indah Ketintang,60000000,120,98,4,Rumah,Disewakan,Sidoarjo
Rumah Minimalis Central Park Ahmad Yani (code : YLN) ,100000000,350,315,4,Rumah,Disewakan,Sidoarjo
Central Park Ahmad Yani Blok J - Minimalis Full Furnish,100000000,350,315,4,Rumah,Disewakan,Sidoarjo
Disewakan Rumah 25 lantai di Jl Gayungsari Surabaya,120000000,260,300,5,Rumah,Disewakan,Sidoarjo
Disewakan Rumah 2 Lantai di Jl Gayungsari Surabaya,165000000,250,300,7,Rumah,Disewakan,Sidoarjo
Rumah 2 Lantai Baru Renovasi Gayungsari Surabaya,150000000,200,300,6,Rumah,Disewakan,Sidoarjo
Disewakan Rumah Dengan Hunian Yang Nyaman Di Jl. Sambas Surabaya,110000000,150,160,4,Rumah,Disewakan,Sidoarjo
Disewakan Rumah di Ketintang Madya Surabaya,250000000,500,500,3,Rumah,Disewakan,Sidoarjo
2 UNIT JEJER RUMAH + PRIVATE POOL DI JALAN KERTAMENANGGAL,4300000000,227,192,4,Rumah,Disewakan,Sidoarjo
Central park a yani 2lt,100000000,350,315,3,Rumah,Disewakan,Sidoarjo
Disewakan Rumah Full Furnish Di Perumahan Royal Ketintang Regency,100000000,256,128,4,Rumah,Disewakan,Sidoarjo
Disewakan Rumah 2 lt di Central Park A. Yani Residence Surabaya,70000000,150,162,3,Rumah,Disewakan,Sidoarjo
Disewakan Rumah besar dan bagus,106000000,560,500,8,Rumah,Disewakan,Sidoarjo
Rumah gayungsari,160000000,200,300,7,Rumah,Disewakan,Sidoarjo
Di sewakan di perum gayungsari,85000000,240,390,5,Rumah,Disewakan,Sidoarjo
Rumah Hoek Di Gayungsari Surabaya,85000000,2400,390,4,Rumah,Disewakan,Sidoarjo
Disewa Rumah di Jl Gayungsari Surabaya,165000000,250,300,7,Rumah,Disewakan,Sidoarjo
Rumah Full Furnish Disewakan di Jalan Gayungsari Surabaya,80000000,300,300,3,Rumah,Disewakan,Sidoarjo
Rumah Minimalis 2 Lt di Central Park Ahmad Yani (code : DND) ,100000000,350,315,3,Rumah,Disewakan,Sidoarjo
Permata Safira 1Lantai Luas 176m2  Hadap Selatan,42000000,125,176,3,Rumah,Disewakan,Sidoarjo
Rumah Royal residence Citraland surabaya Barat,70000000,322,230,5,Rumah,Disewakan,Sidoarjo
Rumah di Royal Residence,75000000,288,240,5,Rumah,Disewakan,Sidoarjo
Rumah Minimalis Royal Residence Surabaya Barat,85000000,267,240,4,Rumah,Disewakan,Sidoarjo
Sewa Rumah Karah Agung Full Renov Strategis Siap Huni (MILIK SENDIRI),33000000,77,77,3,Rumah,Disewakan,Sidoarjo
Rumah dikontrakan di surabaya selatan,20000000,90,120,2,Rumah,Disewakan,Sidoarjo
Rumah disewakan Ketintang Surabaya,35000000,80,104,3,Rumah,Disewakan,Sidoarjo
Dikontrakkan rumah cocok untuk usaha,30000000,210,161,3,Rumah,Disewakan,Sidoarjo
rumah 2 lantai dengan 4 kamar tidur dan garasi,30000000,84,84,4,Rumah,Disewakan,Sidoarjo
Di sewakan Rumah babatan mukti,35000000,60,120,3,Rumah,Disewakan,Sidoarjo
Sewa rumah babatan mukti murahh poll kosongan,30000000,120,133,2,Rumah,Disewakan,Sidoarjo
Spacious 2+1BR House at Citra Sentosa,35000000,150,150,2,Rumah,Disewakan,Sidoarjo
Comfortable 4BR House at Green Lake Citraland,55000000,150,120,4,Rumah,Disewakan,Sidoarjo
Unfurnished 3BR House with Maid Room at Jatayu Sidoarjo,35000000,190,120,3,Rumah,Disewakan,Sidoarjo
Comfy Minimalist 3BR House at Taman Pondok Indah,37500000,100,126,3,Rumah,Disewakan,Sidoarjo
Disewakan Rumah Idaman Prambanan Cluster Maharaja,65000000,200,162,5,Rumah,Disewakan,Sidoarjo
Disewakan Rumah Lokasi Surabaya Barat Di Puri Widya Kencana Siap Huni,200000000,200,300,4,Rumah,Disewakan,Sidoarjo
Disewakan Rumah Siap Huni Greenlake Citraland Wiyung Surabaya Barat,50000000,143,120,3,Rumah,Disewakan,Sidoarjo
Disewakan Rumah di Prambanan,125000000,380,450,5,Rumah,Disewakan,Sidoarjo
Disewakan Rumah Dekat Gwalk Di Puri Widya Kencana Surabaya Barat,200000000,200,300,4,Rumah,Disewakan,Sidoarjo
Disewakan Rumah Baru Gress Citraland The Greenlake 2 Lantai,55000000,104,105,3,Rumah,Disewakan,Sidoarjo
Disewakan Rumah Di Prambanan Residence Wiyung Furrnish Pelita Interior,60000000,96,96,3,Rumah,Disewakan,Sidoarjo
Kontrakan Rumah Minimalis di Lidah Kulon dekat Wiyung PTC GWALK Surabaya Barat,30000000,120,120,3,Rumah,Disewakan,Sidoarjo
Rumah Disewakan di Wisma Lidah Kulon Surabaya,27000000,105,105,2,Rumah,Disewakan,Sidoarjo
Rumah Disewakan di Wisma Lidah Kulon Surabaya,27000000,112,112,3,Rumah,Disewakan,Sidoarjo
Disewakan Rumah Baru Gress Pakuwon Indah Dua Lantai,200000000,225,200,4,Rumah,Disewakan,Sidoarjo
Disewakan Rumah Perum Permata Safira,45000000,191,160,4,Rumah,Disewakan,Sidoarjo
Disewakan Rumah Puri Lidah Kulon Indah,35000000,105,144,4,Rumah,Disewakan,Sidoarjo
KOST PUTERI di Babatan Wiyung Surabaya,500,12,12,5,Rumah,Disewakan,Sidoarjo
Disewakan Rumah Strategis Bandara Juanda GRIYO MAPAN SENTOSA,45000000,320,180,4,Rumah,Disewakan,Sidoarjo
Disewakan Rumah Strategis Dekat Rungkut Industri,27000000,150,180,4,Rumah,Disewakan,Sidoarjo
Rumah Cocok Untuk Usaha & Kantor Wiyung surabaya,65000000,75,100,4,Rumah,Disewakan,Sidoarjo
Rumah Cocok Untuk Berbagai Macam Usaha Wiyung Surabaya,50000000,21,21,6,Rumah,Disewakan,Sidoarjo
Disewakan Rumah Granada Surabaya,125000000,170,190,5,Rumah,Disewakan,Sidoarjo
Disewakan Rumah Forest Mansion,85000000,300,180,5,Rumah,Disewakan,Sidoarjo
Disewakan Rumah Wisata Bukit Mas,85000000,170,180,6,Rumah,Disewakan,Sidoarjo
Rent A Luxury House Suitable For Expatriat,400000000,700,450,4,Rumah,Disewakan,Sidoarjo
Disewakan Rumah Babatan Pratama Surabaya Barat,80000000,289,372,3,Rumah,Disewakan,Sidoarjo
Disewakan Rumah di Babatan Mukti Surabaya,50000000,180,180,3,Rumah,Disewakan,Sidoarjo
For Rent Royal Residence,55000000,160,144,3,Rumah,Disewakan,Sidoarjo
Rumah di Graha Famili Blok P,110000000,305,275,2,Rumah,Disewakan,Sidoarjo
Rumah di villa valencia,52500000,123,135,5,Rumah,Disewakan,Sidoarjo
Disewakan Rumah di Babatan Pratama Surabaya Barat,32000000,90,90,2,Rumah,Disewakan,Sidoarjo
Disewakan Rumah Babatan Pratama Hook,69000000,190,190,4,Rumah,Disewakan,Sidoarjo
Disewakan Rumah di Villa Valensia CA,45000000,100,100,4,Rumah,Disewakan,Sidoarjo
